t_ref_N,exponent,eps_ref,c_damp,peak_kN,peak_g,stroke_m,elong_pct,v_taut_ms,err_peak,err_elong,err_rss
9000.0,2.4000000000000004,0.3,100.0,8.167084010791058,9.410134973195557,0.576206470704836,28.8103235352418,5.495860442187374,-0.03916658696575787,-0.17684789899309145,0.0597196508359856
9500.0,2.4000000000000004,0.3,100.0,8.286141697939856,9.561891290527162,0.5667783202077419,28.338916010387095,5.495860442187374,-0.025159800242369836,-0.19031668541751157,0.05974962163883
10000.0,2.4000000000000004,0.3,100.0,8.400791494733928,9.708029111284088,0.5579791908901695,27.89895954450847,5.495860442187374,-0.011671588854831926,-0.2028868701569008,0.061411954216747056
8500.0,2.4000000000000004,0.3,100.0,8.043288369413473,9.252339444934652,0.5863506097039117,29.317530485195586,5.495860442187374,-0.05373078006900323,-0.16235627185155468,0.06153851401359798
10500.0,2.4000000000000004,0.3,100.0,8.511532617800379,9.849184759576893,0.549742034908681,27.48710174543405,5.495860442187374,0.0013567785647503436,-0.21465423584474144,0.06440327400454292
8000.0,2.4000000000000004,0.3,100.0,7.914180717478929,9.087772987563195,0.5973097085265193,29.865485426325968,5.495860442187374,-0.06891991559071432,-0.14670041639068662,0.0653021357238288
10000.0,2.3000000000000003,0.3,100.0,8.242898891391166,9.506772051861702,0.5516508377142522,27.582541885712608,5.495860442187374,-0.0302471892480982,-0.21192737469392547,0.06701109159796148
9500.0,2.3000000000000003,0.3,100.0,8.126867109383454,9.358872690194223,0.560625432123782,28.0312716061891,5.495860442187374,-0.043897987131358285,-0.19910652553745425,0.06717256188648996
10500.0,2.3000000000000003,0.3,100.0,8.354993484395717,9.649652894204081,0.5432528834893127,27.162644174465633,5.495860442187374,-0.017059590071092208,-0.22392445215812476,0.0682304839148264
11000.0,2.4000000000000004,0.3,100.0,8.618637419320992,9.985705387824833,0.5420055321412964,27.10027660706482,5.495860442187374,0.013957343449528493,-0.22570638265529083,0.06841314968003342
9000.0,2.3000000000000003,0.3,100.0,8.006357022124801,9.20526507793793,0.570244372621886,28.5122186310943,5.495860442187374,-0.05807564445590577,-0.1853651819687343,0.06888457734835773
11000.0,2.3000000000000003,0.3,100.0,8.463493754975486,9.787952250482435,0.5353703197527664,26.76851598763832,5.495860442187374,-0.004294852355825081,-0.235185257496048,0.07061959998275974
7500.0,2.4000000000000004,0.3,100.0,7.7792986376507525,8.915846183011977,0.6092107743685169,30.460538718425845,5.495860442187374,-0.08478839557049972,-0.12969889375926158,0.07096906062002957
8500.0,2.3000000000000003,0.3,100.0,7.881153809403399,9.045675395526757,0.5806009189912769,29.030045949563842,5.495860442187374,-0.07280543418783546,-0.17057011572674738,0.07222038566277576
11500.0,2.4000000000000004,0.3,100.0,8.722186319350659,10.117693503070184,0.5347133782832012,26.73566891416006,5.495860442187374,0.026139566982430338,-0.2361237453097126,0.07316217458709065
11500.0,2.3000000000000003,0.3,100.0,8.568551926852065,9.921864151942895,0.5279468508452214,26.39734254226107,5.495860442187374,0.00806493257083104,-0.2457902130782551,0.07395286156307386
10500.0,2.2,0.3,100.0,8.201798528298553,9.454383668605683,0.5362749636812443,26.813748184062213,5.495860442187374,-0.03508252608252309,-0.2338929090267939,0.07434120218407553
10000.0,2.2,0.3,100.0,8.088118100208602,9.309481449078689,0.5448334248422144,27.24167124211072,5.495860442187374,-0.048456694093105615,-0.22166653593969374,0.07465112104441164
11000.0,2.2,0.3,100.0,8.311740103025235,9.594520176392084,0.5282417665703183,26.412088328515914,5.495860442187374,-0.022148223173501774,-0.24536890489954533,0.07522564330877057
9500.0,2.2,0.3,100.0,7.970576663024029,9.159657812586394,0.5539868996705493,27.699344983527464,5.495860442187374,-0.062285098467761334,-0.20859014332778675,0.0762680058810611
