tag,plantar_bc,spring_k_N_per_mm,fascia_n_kN,fascia_n_N,fascia_area_mm2,fascia_traction_mpa,fascia_force_rel_err,febio_rc,load_kN,gauge_max,gauge_p95,max,p99,p95,mean,nearest_surface,nearest_surface_dist_mm,dist_joint_mm,dist_plantar_mm,dist_fascia_mm,location_class
n0kN,fixed,,0.0,0.0,335.4602110603433,0.0,0.0,0,26.383133775894514,186.7563689967737,136.9284968696667,213.50277948448795,177.220588253663,136.29650339601775,61.27914329921224,plantar,2.992665020188931,13.471916461795068,2.992665020188931,49.274602000518435,跖面边缘 (plantar rim)
n0.5kN,fixed,,0.5,500.0,335.4602110603433,1.490489731761538,0.0,0,26.383133775894514,186.7563689967737,136.9284968696667,213.50277948448795,177.220588253663,136.29650339601775,61.27914329921246,plantar,2.992665020188931,13.471916461795068,2.992665020188931,49.274602000518435,跖面边缘 (plantar rim)
n1kN,fixed,,1.0,1000.0,335.4602110603433,2.980979463523076,0.0,0,26.383133775894514,186.7563689967737,136.9284968696667,213.50277948448795,177.220588253663,136.29650339601775,61.27914329921224,plantar,2.992665020188931,13.471916461795068,2.992665020188931,49.274602000518435,跖面边缘 (plantar rim)
n2kN,fixed,,2.0,2000.0,335.4602110603433,5.961958927046152,0.0,0,26.383133775894514,186.7563689967737,136.9284968696667,213.50277948448795,177.220588253663,136.29650339601775,61.27914329921233,plantar,2.992665020188931,13.471916461795068,2.992665020188931,49.274602000518435,跖面边缘 (plantar rim)
n5kN,fixed,,5.0,5000.0,335.4602110603433,14.904897317615381,0.0,0,26.383133775894514,186.7563689967737,136.9284968696667,213.50277948448795,177.220588253663,136.29650339601775,61.27914329921224,plantar,2.992665020188931,13.471916461795068,2.992665020188931,49.274602000518435,跖面边缘 (plantar rim)
n0kN_springk1000,spring,1000.0,0.0,0.0,335.4602110603433,0.0,0.0,0,26.383133775894514,142.7285259677132,121.40415949710105,142.7285259677132,134.9605627010897,122.3637998817354,63.84128646206354,subtalar_joint,2.4960245355045902,2.4960245355045902,32.02229390885469,43.49012063140804,关节面边缘 (joint rim)
n0.5kN_springk1000,spring,1000.0,0.5,500.0,335.4602110603433,1.490489731761538,0.0,0,26.383133775894514,142.7704490376742,121.33816074550468,142.7704490376742,135.05510362750678,122.48004861115629,63.989406690025895,subtalar_joint,2.4960245355045902,2.4960245355045902,32.02229390885469,43.49012063140804,关节面边缘 (joint rim)
n1kN_springk1000,spring,1000.0,1.0,1000.0,335.4602110603433,2.980979463523076,0.0,0,26.383133775894514,142.81185485351244,121.24123292718772,142.81185485351244,135.14951504063055,122.65577513707622,64.17341486864409,subtalar_joint,2.4960245355045902,2.4960245355045902,32.02229390885469,43.49012063140804,关节面边缘 (joint rim)
n2kN_springk1000,spring,1000.0,2.0,2000.0,335.4602110603433,5.961958927046152,0.0,0,26.383133775894514,142.89314118539767,121.04485069057414,142.89314118539767,135.3379134066473,123.01082290543054,64.6334425597377,subtalar_joint,2.4960245355045902,2.4960245355045902,32.02229390885469,43.49012063140804,关节面边缘 (joint rim)
n5kN_springk1000,spring,1000.0,5.0,5000.0,335.4602110603433,14.904897317615381,0.0,0,26.383133775894514,143.12461618698038,122.10545197173899,143.12461618698038,136.21569642973967,123.69360034036528,66.4699711051478,subtalar_joint,2.4960245355045902,2.4960245355045902,32.02229390885469,43.49012063140804,关节面边缘 (joint rim)
