part_cn,bone,joint,sigma_c_mpa,main_kind,main_domain,fe_solve_load_n,load_reduction_factor,sigma_vm_ref_max_mpa,sigma_vm_ref_p95_mpa,sigma_vm_ref_mean_mpa,sigma_vm_ref_median_mpa,load_ref_n,first_fracture_max_m,first_fracture_p95_m,first_fracture_mean_m,first_fracture_median_m,utilization_at_5m,h1,h2,h3,h4,h5,h6,h7,h8,h9,h10,h11,h12,h13,h14,h15,h16,h17,h18,h19,h20,h21,h22,h23,h24,h25,h26,h27,h28,h29,h30,h31,h32,h33,h34,h35,h36,h37,h38,h39,h40,h41,h42,h43,h44,h45,h46,h47,h48,h49,h50
足部,calcaneus_r,subtalar_r,150.0,solid,solid_calc_cort,25354.0,1.0,405.4894155998736,257.1539002399196,87.38844062900458,65.45788383123958,25354.401972520634,1,1,11,17,1.7143593349327975,1,1,1,1,1,1,1,1,1,1,1,1,1,1,1,1,1,1,1,1,1,1,1,1,1,1,1,1,1,1,1,1,1,1,1,1,1,1,1,1,1,1,1,1,1,1,1,1,1,1
胫骨,tibia_r,ankle_r,200.0,solid,solid_tibia_cort,5000.0,5.0532,1352.899112251543,871.2849719197782,168.29484860209925,38.09045550838827,25266.24913009046,1,1,7,,4.356424859598891,1,1,1,1,1,1,1,1,1,1,1,1,1,1,1,1,1,1,1,1,1,1,1,1,1,1,1,1,1,1,1,1,1,1,1,1,1,1,1,1,1,1,1,1,1,1,1,1,1,1
腓骨,fibula_r,ankle_r,160.0,solid,solid_fib_cort,1000.0,25.266,1061.451974431254,656.8690854273553,196.38171854247085,80.44477496935558,25266.24913009046,1,1,3,14,4.105431783920971,1,1,1,1,1,1,1,1,1,1,1,1,1,1,1,1,1,1,1,1,1,1,1,1,1,1,1,1,1,1,1,1,1,1,1,1,1,1,1,1,1,1,1,1,1,1,1,1,1,1
股骨,femur_r,hip_r,220.0,solid,solid_fem_cort,15228.0,1.0,1417.6240527776552,1168.8403487598418,251.0411703732155,37.91440493564355,15227.651697700654,1,1,4,,5.312910676181099,1,1,1,1,1,1,1,1,1,1,1,1,1,1,1,1,1,1,1,1,1,1,1,1,1,1,1,1,1,1,1,1,1,1,1,1,1,1,1,1,1,1,1,1,1,1,1,1,1,1
骨盆,R_HIPBONE,hip_r,180.0,shell,shell_hip_cort_83500201,15228.0,1.0,258.3859443605179,145.67845790874026,51.751999254622966,44.161242507878605,15227.651697700654,2,8,44,,0.8093247661596681,0,0,0,0,0,0,0,1,1,1,1,1,1,1,1,1,1,1,1,1,1,1,1,1,1,1,1,1,1,1,1,1,1,1,1,1,1,1,1,1,1,1,1,1,1,1,1,1,1,1
腰椎,L3,lumbar,150.0,shell,shell_l3_cort,22088.0,1.0,878.7872974181944,303.14382582169833,103.86307323018774,77.90844008108365,22087.579953288558,1,1,10,16,2.020958838811322,1,1,1,1,1,1,1,1,1,1,1,1,1,1,1,1,1,1,1,1,1,1,1,1,1,1,1,1,1,1,1,1,1,1,1,1,1,1,1,1,1,1,1,1,1,1,1,1,1,1
胸椎,T6,lumbar,150.0,shell,shell_t6_cort,10000.0,2.2088,1419.7168183094698,777.2388275162051,278.89759428538747,245.29705844644673,22087.579953288558,1,1,1,1,5.181592183441367,1,1,1,1,1,1,1,1,1,1,1,1,1,1,1,1,1,1,1,1,1,1,1,1,1,1,1,1,1,1,1,1,1,1,1,1,1,1,1,1,1,1,1,1,1,1,1,1,1,1
颈椎,C5,lumbar,150.0,shell,shell_c5_cort,22088.0,1.0,1008.9570478595116,641.1405401135156,195.6783752358803,131.58255120857183,22087.579953288558,1,1,2,7,4.274270267423438,1,1,1,1,1,1,1,1,1,1,1,1,1,1,1,1,1,1,1,1,1,1,1,1,1,1,1,1,1,1,1,1,1,1,1,1,1,1,1,1,1,1,1,1,1,1,1,1,1,1
颅骨,parietal_r,lumbar,160.0,shell,shell_par_ext,22088.0,1.0,902.7073310729618,423.4138523879008,186.07374549794858,183.27148518098227,22087.579953288558,1,1,3,4,2.64633657742438,1,1,1,1,1,1,1,1,1,1,1,1,1,1,1,1,1,1,1,1,1,1,1,1,1,1,1,1,1,1,1,1,1,1,1,1,1,1,1,1,1,1,1,1,1,1,1,1,1,1
