joint,side,subtree_mass_kg,peak_force_n,peak_force_time_s,peak_vertical_n,peak_vertical_time_s,peak_moment_nm,peak_moment_time_s,legacy_peak_force_n,legacy_peak_force_time_s,legacy_peak_vertical_n
subtalar_r,r,1.4666,25379.568240988225,0.020099999999999518,25354.401972520634,0.020099999999999518,156.72234213399844,0.020199999999999513,26383.13400751009,0.020099999999999518,26383.133775894516
ankle_r,r,1.5666,25294.907532369176,0.020099999999999518,25266.24913009046,0.020099999999999518,1440.8453790727924,0.020199999999999513,26373.212055476997,0.020099999999999518,26373.211883460623
knee_r,r,5.2741,22402.052600627205,0.020099999999999518,22200.3287058299,0.020099999999999518,1592.2654243377567,0.020199999999999513,26091.188954543275,0.020099999999999518,26091.188934219892
hip_r,r,14.661699999999998,15489.011629591978,0.020099999999999518,15227.651697700654,0.020099999999999518,989.4026231791045,0.020199999999999513,25806.366653296547,0.020099999999999518,25806.338442991415
subtalar_l,l,1.4666,25379.568240988225,0.020099999999999518,25354.401972520638,0.020099999999999518,156.722342134,0.020199999999999513,26383.13400751009,0.020099999999999518,26383.133775894516
ankle_l,l,1.5666,25294.907532369176,0.020099999999999518,25266.249130090466,0.020099999999999518,1440.8453790727926,0.020199999999999513,26373.212055476997,0.020099999999999518,26373.211883460623
knee_l,l,5.2741,22402.05260062719,0.020099999999999518,22200.328705829914,0.020099999999999518,1592.2654243377365,0.020199999999999513,26091.188954543275,0.020099999999999518,26091.188934219892
hip_l,l,14.661699999999998,15489.011629591952,0.020099999999999518,15227.651697700676,0.020099999999999518,989.4026231790548,0.020199999999999513,25806.366653296547,0.020099999999999518,25806.338442991415
lumbar,,34.2366,22168.124189005604,0.020099999999999518,22087.579953288558,0.020099999999999518,1633.7005459211925,0.020199999999999513,1494.7088613509702,0.021079999999999478,1485.7486059286475
