h,mass_kg,old_f_subt_kN,new_f_subt_kN,ratio_new_over_old,old_grf_peak_kN,new_grf_peak_kN,old_t1_rel_err,new_t1_rel_err,gauge_old_anat_MPa,gauge_new_est_MPa,model_mass_kg,mass_scale
1.0,77.0,16.09537743710583,16.314165991582993,1.0135932540465173,32.23381843235007,32.67252408533834,0.0925697511207717,0.09341558460958543,114.88064330809594,116.44224507761024,77.0,1.0220741468335612
2.0,77.0,21.086242237064916,21.1427783122001,1.0026811830434068,42.26368493882344,42.37993079190615,0.07659566898425663,0.07803499365186695,149.88160099958688,150.28346100670564,77.0,1.0220741468335612
3.0,77.0,22.050632451503365,22.14916439948919,1.0044684409031137,44.24660922030006,44.448265992967556,0.06522597640783157,0.06443864407769873,156.6100667254852,157.30986955348072,77.0,1.0220741468335612
4.0,77.0,23.775622764647107,24.023900470764257,1.0104425321925248,47.771224746938785,48.27620881677794,0.05860425619330045,0.06073342769237944,168.6184174530268,170.37922070553262,77.0,1.0220741468335612
5.0,77.0,26.383133775894514,26.718285112495845,1.012703242133713,53.064833191741165,53.74421943718776,0.05800800006101414,0.05646745662024366,186.7563689967737,189.12878037215276,77.0,1.0220741468335612
6.0,77.0,29.497925234541384,29.949635821442932,1.015313300285018,59.37906324641105,60.29296759150196,0.057803109316695966,0.05646976672072079,208.53841574885863,211.73182713018284,77.0,1.0220741468335612
7.0,77.0,32.80796845692928,33.36010086264665,1.0168292165496995,66.10097709237782,67.2190584166915,0.057330474340733906,0.056298225925415446,231.62161125118632,235.51962150452286,77.0,1.0220741468335612
8.0,77.0,36.16038453160047,36.79617131919445,1.017582412240068,72.91208869807718,74.20457664214229,0.05712304818892133,0.05640603230651009,254.8841550634402,259.365633351227,77.0,1.0220741468335612
9.0,77.0,39.47932980086012,40.18580407913419,1.017894789041193,79.67156024202318,81.11069345372522,0.05784356638257404,0.05742304848576185,277.8636674768101,282.8359791885198,77.0,1.0220741468335612
10.0,77.0,42.66234240586618,43.42789917582503,1.0179445554741409,86.1494448330305,87.71236870656998,0.056998763987946566,0.056858045241796606,299.8258596130218,305.20610138342965,77.0,1.0220741468335612
12.0,77.0,48.711082281636216,49.56253001299103,1.017479548625751,98.51689694862672,100.26470480585019,0.057752207757541196,0.05807954831508222,341.339200245902,347.30565539447525,77.0,1.0220741468335612
14.0,77.0,54.244815251106296,55.15096201497398,1.016704762651933,109.89700374906674,111.76016329826692,0.059465583309062486,0.06015851086546076,379.267471408443,385.6030444999198,77.0,1.0220741468335612
16.0,77.0,59.25746794563324,60.195558251993354,1.0158307524584207,120.24218036236974,122.19847784660914,0.05713088117781373,0.01183877071584849,413.4048975386729,419.94940813670644,77.0,1.0220741468335612
18.0,77.0,63.9389413418965,64.94763156895765,1.0157758356002087,129.85416739614567,131.91663157130102,0.059964777692981475,0.061193864604624615,445.11495462128624,452.137014968586,77.0,1.0220741468335612
20.0,77.0,68.41829959800768,69.49728897770359,1.0157704793313413,139.03804713419632,141.24507960483135,0.05786345413269611,0.0593082520402215,475.32957283889556,482.82574804292665,77.0,1.0220741468335612
25.0,77.0,78.93180095307792,80.17563898146201,1.0157583890569468,160.63028158856667,163.18117265198177,0.06046346530968982,0.057701202574074184,545.5323787095871,554.1290901764544,77.0,1.0220741468335612
30.0,77.0,88.67822082453299,90.07458558200747,1.0157464227912,180.67786585179482,183.54671298358815,0.05638212750145355,0.05839516462576344,610.0765175398402,619.6830403200055,77.0,1.0220741468335612
40.0,77.0,105.96848189464897,107.55805553204559,1.0150004379507571,216.3945767041685,219.67426489794832,0.05833870433000943,0.05604024786184958,723.2923272297126,734.1420289045806,77.0,1.0220741468335612
50.0,77.0,121.35941625222608,123.20656793793391,1.0152205056908712,248.33054598934382,252.14001002613708,0.05573524389664808,0.053689902786125954,828.6363173771367,841.248581161438,77.0,1.0220741468335612
