tag,plantar_bc,spring_k_N_per_mm,febio_rc,load_kN,gauge_max,gauge_p95,max,p99,p95,mean,nearest_surface,nearest_surface_dist_mm,dist_joint_mm,dist_plantar_mm,location_class
fixed,fixed,,0,26.383133775894514,186.7563689967737,136.9284968696667,213.50277948448795,177.220588253663,136.29650339601775,61.27914329921224,plantar,2.992665020188931,13.471916461795068,2.992665020188931,跖面边缘 (plantar rim)
roller,roller,,0,26.383133775894514,186.7563689967737,136.9284968696667,213.50277948448795,177.220588253663,136.29650339601775,61.27914329921224,plantar,2.992665020188931,13.471916461795068,2.992665020188931,跖面边缘 (plantar rim)
roller_free_k1,roller_free,1.0,0,26.383133775894514,217.88079683551095,139.16132394968398,217.88079683551092,177.11475247361415,139.16132394968398,72.81165980693328,plantar,3.529794971288574,20.15573007588189,3.529794971288574,跖面边缘 (plantar rim)
spring_k10,spring,10.0,0,26.383133775894514,156.50903841272827,125.96703571927657,158.84067826700942,145.3477340927366,125.7262619808641,70.4507861704041,plantar,8.7930822524104,27.79596072096371,8.7930822524104,内部 (interior)
spring_k100,spring,100.0,0,26.383133775894514,151.896519262805,121.7204486665668,151.896519262805,135.05217446156834,121.95763106030896,66.69155745051356,subtalar_joint,2.482362904658868,2.482362904658868,31.524203752873213,关节面边缘 (joint rim)
spring_k1000,spring,1000.0,0,26.383133775894514,142.7285259677132,121.40415949710105,142.7285259677132,134.9605627010897,122.3637998817354,63.84128646194625,subtalar_joint,2.4960245355045902,2.4960245355045902,32.02229390885469,关节面边缘 (joint rim)
spring_k10000,spring,10000.0,0,26.383133775894514,173.43969110369125,129.70697930293048,185.44311195768205,162.0502183310281,130.3531465869751,62.49427959964333,plantar,2.992665020188931,13.471916461795068,2.992665020188931,跖面边缘 (plantar rim)
spring_k100000,spring,100000.0,0,26.383133775894514,184.40387270024954,134.68758068764396,208.3382270373846,174.23085846143965,134.69182391316107,61.30319174436042,plantar,2.992665020188931,13.471916461795068,2.992665020188931,跖面边缘 (plantar rim)
spring_k1e+06,spring,1000000.0,0,26.383133775894514,186.4425566626466,136.72564195703677,212.94049048686884,176.59950469376972,136.315714729966,61.26613566366969,plantar,2.992665020188931,13.471916461795068,2.992665020188931,跖面边缘 (plantar rim)
