h,load_kn,t1_rel_err,max,p99,p95,mean
1.0,16.09537743710583,0.0925697511207717,109.7298785497725,18.44243431278013,9.132757652503535,2.319205662385795
2.0,21.086242237064916,0.07659566898425663,143.7311022840798,24.179062311624097,11.965051134426432,3.038355259672619
3.0,22.050632451503365,0.06522597640783157,150.300167526969,25.287339484833083,12.512532103986981,3.177317878333386
4.0,23.775622764647107,0.05860425619330045,162.04942641166477,27.270226645859076,13.491857578026227,3.425878714630085
5.0,26.383133775894514,0.05800800006101414,179.80801198971668,30.2688662812304,14.972347859370407,3.801606731212182
6.0,29.497925234541384,0.057803109316695966,201.01912992081492,33.8529116033713,16.741070821927277,4.250433063904882
7.0,32.80796845692928,0.057330474340733906,223.55747987948624,37.66065305110696,18.6209166182391,4.727396730051247
8.0,36.16038453160047,0.05712304818892133,246.38240968812192,41.50904040476656,20.52517925478631,5.210468920355703
9.0,39.47932980086012,0.05784356638257404,268.97797743403356,45.31903336481778,22.409385426944326,5.688720977986758
10.0,42.66234240586618,0.056998763987946566,290.6472294022881,48.973007066415825,24.21514889258093,6.147388302711502
12.0,48.711082281636216,0.057752207757541196,331.82507392857303,55.904072777659465,27.650692073175385,7.019010763397311
14.0,54.244815251106296,0.059465583309062486,369.4984214904279,62.23812354102717,30.801732052477817,7.8164307951332646
16.0,59.25746794563324,0.05713088117781373,403.62767949917,67.97285289338117,33.66364774665501,8.538771158905826
18.0,63.9389413418965,0.059964777692981475,435.50672046125305,73.32623744218917,36.33160975903437,9.21339553406101
20.0,68.41829959800768,0.05786345413269611,466.0151530225767,78.44629529279517,38.88359580948108,9.858901780355161
25.0,78.93180095307792,0.06046346530968982,537.6515914642279,90.43890846679491,44.87920585410494,11.374001276805425
30.0,88.67822082453299,0.05638212750145355,604.1123847753177,101.52763310984204,50.41112103644565,12.778600124684916
40.0,105.96848189464897,0.05833870433000943,722.1858479389466,121.25857427040684,60.23833579300048,15.270490339113623
50.0,121.35941625222608,0.05573524389664808,827.5388442929774,138.8271496086847,68.9935940119708,17.488788330965594
