h,act,subtalar_kN,achilles_kN,t1_rel_err,max,p99,p95,mean,gauge_max
1.0,0.0,16.09537743710583,0.0,0.0925697511207717,288.13371053135097,240.62293698282343,185.40961167894787,49.01920086031134,258.41552667349634
2.0,0.0,21.086242237064916,0.0,0.07659566898425663,376.49282691618225,315.57630570759744,240.03319165547512,64.15203961468288,336.91522549918477
3.0,0.0,22.050632451503365,0.0,0.06522597640783157,393.4948584083877,330.4268979632312,250.4179544206524,67.0690651377535,352.0210861959771
4.0,0.0,23.775622764647107,0.0,0.05860425619330045,423.85827599013385,357.00314032994584,268.89493082705275,72.28285846934656,379.016482992764
5.0,0.0,26.383133775894514,0.0,0.05800800006101414,469.50749043033545,397.3554428790266,296.55181667673554,80.1435993427454,419.5997811380423
6.0,0.0,29.497925234541384,0.0,0.057803109316695966,523.8945776179634,445.9922218183541,329.27044480237356,89.52270576589417,467.89245337395937
7.0,0.0,32.80796845692928,0.0,0.057330474340733906,581.4519895097966,497.11996355787574,363.6645459131643,99.4685317110835,518.9552000341985
8.0,0.0,36.16038453160047,0.0,0.05712304818892133,639.5417607354685,547.0009043311309,398.1399805879107,109.51899027778167,570.4415932585233
9.0,0.0,39.47932980086012,0.0,0.05784356638257404,696.6645411850727,596.8774321446342,432.1526774855326,119.51570632165038,621.0616121677843
10.0,0.0,42.66234240586618,0.0,0.056998763987946566,751.101122530681,644.0267969413444,464.36098655164517,129.04027734419054,669.3020947251088
12.0,0.0,48.711082281636216,0.0,0.057752207757541196,855.2634144738063,734.1122477110491,525.149299659959,147.2213520008968,761.0142364064608
14.0,0.0,54.244815251106296,0.0,0.059465583309062486,948.6603437758855,815.22787557012,579.7739022857876,163.65830922901534,843.6722212619387
16.0,0.0,59.25746794563324,0.0,0.05713088117781373,1033.2794854329186,889.0901210521772,629.0314961518915,178.60279949924592,918.2806816248068
18.0,0.0,63.9389413418965,0.0,0.059964777692981475,1111.985620625116,957.7724848538387,674.765015482949,192.54882006696045,987.5925003976113
20.0,0.0,68.41829959800768,0.0,0.05786345413269611,1186.8987167069465,1023.3423970974604,718.2444380867828,205.879830442997,1053.52053352138
25.0,0.0,78.93180095307792,0.0,0.06046346530968982,1361.6442087844243,1176.3290285020557,819.7079525360793,237.15254452193054,1207.9027414359807
30.0,0.0,88.67822082453299,0.0,0.05638212750145355,1522.3275001989387,1317.1905332925248,913.2076851275253,266.12767320299736,1350.1383290085305
40.0,0.0,105.96848189464897,0.0,0.05833870433000943,1804.4799145538504,1565.5573680614677,1079.121965567276,317.5598240774176,1600.2554107209628
50.0,0.0,121.35941625222608,0.0,0.05573524389664808,2053.2068154908134,1785.8652270148627,1230.9833028984028,363.37109507290717,1820.9358407828527
1.0,1.0,16.09537743710583,10.885,0.0925697511207717,287.16768800066126,246.5171227130302,183.04202159565355,44.664526584022624,255.1577628971679
2.0,1.0,21.086242237064916,10.885,0.07659566898425663,365.06766657873516,315.36183777557824,235.86157227717146,58.23699875749207,328.7433874982316
3.0,1.0,22.050632451503365,10.885,0.06522597640783157,380.2000650112763,328.7675929450123,246.18116136176846,60.93503877182923,343.042023190111
4.0,1.0,23.775622764647107,10.885,0.05860425619330045,407.3011179346956,352.738631260118,261.7234394633254,65.7999685763405,368.66033041399237
5.0,1.0,26.383133775894514,10.885,0.05800800006101414,448.13580863196887,388.601964168554,287.32035713595405,73.21723223097456,407.3498108939995
6.0,1.0,29.497925234541384,10.885,0.057803109316695966,496.9881436451852,430.4620823536126,315.64972957224217,82.16096234184359,453.65139091246465
7.0,1.0,32.80796845692928,10.885,0.057330474340733906,548.7994412094491,478.45811006072705,344.73889621599795,91.7258783647403,502.8325748198506
8.0,1.0,36.16038453160047,10.885,0.05712304818892133,601.144078812834,527.2141841143394,381.55135212772916,101.4534554774195,552.5971090048877
9.0,1.0,39.47932980086012,10.885,0.05784356638257404,653.0436464946494,574.369316683647,416.9246022206819,111.16899409042843,601.8180854774215
10.0,1.0,42.66234240586618,10.885,0.056998763987946566,706.1893290556478,620.1485337641881,449.37465699248395,120.46591723410219,648.780035801842
12.0,1.0,48.711082281636216,10.885,0.057752207757541196,808.3903110509627,709.1437973130764,511.35424144487575,138.26287926745297,739.026158037165
14.0,1.0,54.244815251106296,10.885,0.059465583309062486,900.5811838700075,789.3980207986897,563.5213224606023,154.49344823277198,820.172910293857
16.0,1.0,59.25746794563324,10.885,0.05713088117781373,983.8777715570825,861.7329517769705,610.7604849815262,169.16410042912423,893.232108960513
18.0,1.0,63.9389413418965,10.885,0.059964777692981475,1061.5446904216244,929.7077755662593,656.441964102622,182.92334924529428,961.689635372495
20.0,1.0,68.41829959800768,10.885,0.05786345413269611,1135.6089436485224,994.6921359583127,697.5958668620684,196.10049751789188,1027.0016688283235
25.0,1.0,78.93180095307792,10.885,0.06046346530968982,1308.5250191884713,1147.0543233024891,798.8037007852068,227.05573005965195,1179.6411815685587
30.0,1.0,88.67822082453299,10.885,0.05638212750145355,1467.731600337057,1288.1383660778038,890.6167909361693,255.78483272052523,1320.3865939098705
40.0,1.0,105.96848189464897,10.885,0.05833870433000943,1747.7397285943352,1538.4952123770436,1046.772845416157,306.83962369693273,1568.3853107538357
50.0,1.0,121.35941625222608,10.885,0.05573524389664808,1994.7718778278684,1762.6019689185885,1190.7993618121313,352.43200145622984,1787.6332207714079
